,recall,precision
0,-0.6989700043360187,1.0
1,-0.5223820056556835,0.9998551627419942
2,-0.4448566588576301,0.9997101804291237
3,-0.3971951121340167,0.999565052770552
4,-0.3635221322084169,0.9994197794745663
5,-0.3378243712537697,0.9992743602485752
6,-0.3172239427185534,0.9991287947991045
7,-0.30013627301221235,0.9989830828317938
8,-0.285602471725637,0.9988372240513929
9,-0.27300127206373764,0.9986912181617585
10,-0.2619087610549386,0.99854506486585
11,-0.2520236795404545,0.9983987638657266
12,-0.2431247908005733,0.9982523148625428
13,-0.23504516933072034,0.9981057175565456
14,-0.22765597780068936,0.9979589716470704
15,-0.2208558378814535,0.9978120768325373
16,-0.21456364030739322,0.9976650328104472
17,-0.2087135462830411,0.9975178392773786
18,-0.20325142872419513,0.9973704959289832
19,-0.19813228522477494,0.997223002459983
20,-0.19331832244850725,0.997075358564165
21,-0.1887775142277006,0.9969275639343793
22,-0.18448250015415002,0.9967796182625339
23,-0.18040973303579755,0.996631521239591
24,-0.17653881101680963,0.9964832725555639
25,-0.17285194861263592,0.9963348718995123
26,-0.1693335535595604,0.9961863189595386
27,-0.16596988519307274,0.996037613422784
28,-0.16274877630743395,0.9958887549754248
29,-0.1596594049257439,0.9957397433026683
30,-0.15669210566468084,0.9955905780887484
31,-0.15383821277293014,0.9954412590169218
32,-0.15108992870404783,0.9952917857694645
33,-0.14844021342381794,0.9951421580276673
34,-0.14588269066864865,0.9949923754718311
35,-0.14341156814998654,0.9948424377812642
36,-0.14102156930089693,0.9946923446342769
37,-0.13870787462891856,0.9945420957081782
38,-0.1364660711062769,0.994391690679271
39,-0.13429210831835453,0.9942411292228485
40,-0.132182260321705,0.9940904110131895
41,-0.13013309234719786,0.9939395357235546
42,-0.12814143163218247,0.9937885030261815
43,-0.1262043417855717,0.9936373125922813
44,-0.12431910018737709,0.9934859640920334
45,-0.12248317800405975,0.9933344571945821
46,-0.12069422246665291,0.9931827915680318
47,-0.11895004111275125,0.9930309668794421
48,-0.11724858773834908,0.9928789827948248
49,-0.11558794984287227,0.992726838979138
50,-0.11396633738198696,0.9925745350962827
51,-0.11238207266897261,0.9924220708090976
52,-0.11083358128751875,0.9922694457793554
53,-0.109319383897459,0.9921166596677579
54,-0.10783808883077148,0.9919637121339309
55,-0.10638838538863384,0.9918106028364211
56,-0.10496903776180486,0.9916573314326896
57,-0.10357887950643492,0.9915038975791095
58,-0.1022168085158484,0.9913503009309592
59,-0.10088178243610439,0.991196541142419
60,-0.09957281447941455,0.9910426178665662
61,-0.0982889695949244,0.9908885307553703
62,-0.09702936096107159,0.9907342794596882
63,-0.09579314676783068,0.9905798636292594
64,-0.09457952726072462,0.9904252829127017
65,-0.09338774202159955,0.990270536957506
66,-0.09221706746389326,0.9901156254100312
67,-0.09106681452252223,0.9899605479155
68,-0.08993632652062,0.9898053041179938
69,-0.08882497719721534,0.9896498936604476
70,-0.08773216888157791,0.989494316184645
71,-0.08665733080140854,0.989338571331214
72,-0.08559991751333396,0.9891826587396207
73,-0.08455940744530618,0.9890265780481657
74,-0.08353530154152082,0.9888703288939782
75,-0.08252712200136765,0.9887139109130109
76,-0.08153441110473625,0.9885573237400356
77,-0.08055673011671395,0.9884005670086373
78,-0.07959365826535904,0.9882436403512098
79,-0.07864479178680864,0.9880865433989496
80,-0.07770974303249698,0.9879292757818519
81,-0.0767881396337252,0.9877718371287038
82,-0.07587962371924215,0.9876142270670809
83,-0.07498385118187256,0.9874564452233404
84,-0.07410049099056852,0.9872984912226168
85,-0.07322922454456932,0.987140364688816
86,-0.07236974506662945,0.9869820652446104
87,-0.07152175703252962,0.9868235925114329
88,-0.07068497563431189,0.9866649461094721
89,-0.06985912627488686,0.9865061256576662
90,-0.06904394409185202,0.9863471307736978
91,-0.06823917350852717,0.9861879610739892
92,-0.06744456781037336,0.9860286161736951
93,-0.06665988874510029,0.9858690956866983
94,-0.0658849061448998,0.9857093992256044
95,-0.06511939756936053,0.9855495264017344
96,-0.06436314796772573,0.9853894768251211
97,-0.06361594935925911,0.9852292501045019
98,-0.06287760053057145,0.985068845847314
99,-0.062147906748844454,0.9849082636596876
100,-0.061426679489967495,0.9847475031464417
101,-0.06071373618066985,0.9845865639110762
102,-0.06000889995379732,0.9844254455557682
103,-0.0593119994159437,0.984264147681364
104,-0.058622868426696534,0.984102669887375
105,-0.05794134588881508,0.9839410117719707
106,-0.05726727554869789,0.9837791729319725
107,-0.056600505806544896,0.9836171529628488
108,-0.055940889535657456,0.9834549514587078
109,-0.05528828391035505,0.9832925680122916
110,-0.05464255024202515,0.9831300022149709
111,-0.05400355382284874,0.982967253656738
112,-0.05337116377677987,0.9828043219262004
113,-0.0527452529173788,0.9826412066105754
114,-0.052125697612126286,0.9824779072956836
115,-0.051512377652870624,0.9823144235659418
116,-0.05090517613207839,0.9821507550043577
117,-0.05030397932458215,0.9819869011925229
118,-0.04970867657453566,0.9818228617106066
119,-0.04911916018730576,0.9816586361373494
120,-0.04853532532604527,0.9814942240500562
121,-0.04795706991270813,0.9813296250245906
122,-0.04738429453327947,0.9811648386353676
123,-0.046816902347009484,0.9809998644553468
124,-0.04625479899945069,0.980834702056027
125,-0.04569789253910907,0.9806693510074377
126,-0.04514609333753239,0.9805038108781343
127,-0.04459931401266731,0.98033808123519
128,-0.044057469355327304,0.9801721616441891
129,-0.043520476258621425,0.9800060516692212
130,-0.04298825365020339,0.9798397508728729
131,-0.04246072242720679,0.9796732588162222
132,-0.04193780539374128,0.9795065750588308
133,-0.0414194272008291,0.9793396991587368
134,-0.04090551428867038,0.9791726306724489
135,-0.04039599483112927,0.9790053691549381
136,-0.039890798682340585,0.9788379141596311
137,-0.03938985732533975,0.9786702652384032
138,-0.038893103822627145,0.9785024219415709
139,-0.03840047276857831,0.978334383817885
140,-0.03791190024362028,0.9781661504145226
141,-0.037427323770095285,0.9779977212770807
142,-0.03694668226973818,0.9778290959495686
143,-0.03646991602269868,0.9776602739743995
144,-0.035996966628040604,0.9774912548923844
145,-0.03552777696565589,0.9773220382427242
146,-0.03506229115953316,0.9771526235630018
147,-0.03460045454232341,0.9769830103891745
148,-0.03414221362114894,0.9768131982555667
149,-0.0336875160446039,0.9766431866948627
150,-0.033236310570896065,0.9764729752380977
151,-0.032788547037085225,0.9763025634146509
152,-0.032344176329371324,0.976131950752238
153,-0.03190315035439073,0.9759611367769024
154,-0.03146542201148061,0.9757901210130079
155,-0.031030945165871574,0.9756189029832308
156,-0.03059967462277277,0.9754474822085518
157,-0.030171566102313523,0.9752758582082475
158,-0.029746576215308202,0.9751040304998831
159,-0.029324662439812386,0.9749319985993041
160,-0.028905783098439195,0.9747597620206272
161,-0.028489897336407506,0.9745873202762334
162,-0.028076965100292464,0.9744146728767589
163,-0.02766694711745359,0.9742418193310867
164,-0.02725980487611322,0.9740687591463388
165,-0.026855500606061684,0.9738954918278674
166,-0.02645399725996594,0.9737220168792463
167,-0.02605525849525854,0.9735483338022626
168,-0.02565924865658636,0.973374442096908
169,-0.025265932758798144,0.9732003412613704
170,-0.024875276470451478,0.9730260307920247
171,-0.024487246097819826,0.9728515101834245
172,-0.02410180856938224,0.9726767789282934
173,-0.023718931420778716,0.9725018365175155
174,-0.023338582780213106,0.9723266824401274
175,-0.022960731354290033,0.9721513161833084
176,-0.02258534641426806,0.971975737232372
177,-0.022212397782716962,0.9717999450707566
178,-0.021841855820563104,0.9716239391800168
179,-0.02147369141451038,0.9714477190398135
180,-0.021107875964824066,0.9712712841279055
181,-0.020744381373464484,0.9710946339201396
182,-0.02038318003255874,0.9709177678904409
183,-0.02002424481319982,0.9707406855108053
184,-0.01966754905456064,0.970563386251287
185,-0.019313066553313902,0.9703858695799923
186,-0.018960771553347345,0.970208134963067
187,-0.018610638735762845,0.9700301818646894
188,-0.01826264320915317,0.9698520097470584
189,-0.017916760500144287,0.9696736180703854
190,-0.017572966544196475,0.9694950062928832
191,-0.017231237676655065,0.9693161738707574
192,-0.016891550624042673,0.9691371202581953
193,-0.016553882495585915,0.9689578449073569
194,-0.016218210774968312,0.9687783472683635
195,-0.01588451331230229,0.9685986267892895
196,-0.01555276831631412,0.9684186829161505
197,-0.015222954346734423,0.9682385150928937
198,-0.01489505030688744,0.9680581227613879
199,-0.01456903543647417,0.9678775053614126
200,-0.01424488930454207,0.9676966623306479
201,-0.013922591802636516,0.9675155931046638
202,-0.01360212313812771,0.9673342971169099
203,-0.013283463827708102,0.9671527737987041
204,-0.012966594691055253,0.9669710225792231
205,-0.012651496844655045,0.9667890428854902
206,-0.012338151695779835,0.9666068341423655
207,-0.012026540936617883,0.9664243957725346
208,-0.011716646538549242,0.9662417271964979
209,-0.011408450746563064,0.9660588278325589
210,-0.011101936073813275,0.9658756970968139
211,-0.010797085296307731,0.9656923344031401
212,-0.010493881447727112,0.9655087391631851
213,-0.01019230781437058,0.9653249107863549
214,-0.009892347930222667,0.9651408486798027
215,-0.009593985572140447,0.9649565522484175
216,-0.009297204755155506,0.9647720208948128
217,-0.009001989727887787,0.9645872540193144
218,-0.00870832496806928,0.9644022510199494
219,-0.00841619517817323,0.9642170112924335
220,-0.008125585281146281,0.9640315342301602
221,-0.00783648041624076,0.9638458192241882
222,-0.007548865934944404,0.9636598656632296
223,-0.0072627273970046185,0.9634736729336381
224,-0.006978050566544552,0.9632872404193962
225,-0.0066948214082689205,0.9631005675021035
226,-0.006413026083756513,0.9629136535609643
227,-0.006132650947837695,0.9627264979727751
228,-0.005853682545053937,0.9625391001119121
229,-0.005576107606197679,0.962351459350319
230,-0.005299913044930053,0.962163575057494
231,-0.005025085954474381,0.9619754466004771
232,-0.004751613604383933,0.9617870733438374
233,-0.004479483437380926,0.9615984546496603
234,-0.004208683066266317,0.9614095898775347
235,-0.003939200270896704,0.9612204783845393
236,-0.003671022995228808,0.96103111952523
237,-0.003404139344427541,0.9608415126516269
238,-0.0031385375820375187,0.9606516571132002
239,-0.002874206127216043,0.9604615522568577
240,-0.002611133552025222,0.9602711974269306
241,-0.002349308578783052,0.9600805919651603
242,-0.002088720077470728,0.9598897352106845
243,-0.0018293570631950041,0.9596986265000242
244,-0.0015712086937053889,0.959507265167069
245,-0.001314264266962637,0.9593156505430628
246,-0.0010585132187593753,0.9591237819565914
247,-0.0008039451203902214,0.9589316587335669
248,-0.0005505496763707096,0.9587392801972141
249,-0.0002983167222032773,0.9585466456680561
250,-4.7236222190278254e-05,0.9583537544639
251,0.0002027017327084704,0.9581606058998221
252,0.0004515069269738166,0.9579671992881539
253,0.0006991890225826759,0.9577735339384663
254,0.0009457575610212343,0.9575796091575562
255,0.001191221965257581,0.957385424249431
256,0.001435591541674081,0.9571909785152929
257,0.001678875481960813,0.9569962712535252
258,0.0019210828649717086,0.9568013017596757
259,0.0021622226585423904,0.9566060693264427
260,0.0024023037212728736,0.9564105732436587
261,0.0026413348042740033,0.9562148127982752
262,0.002879324552880362,0.9560187872743472
263,0.003116281508328338,0.9558224959530172
264,0.003352214109402278,0.9556259381124997
265,0.0035871306940476974,0.955429113028065
266,0.0038210395009535695,0.9552320199720234
267,0.004053948671103589,0.9550346582137094
268,0.004285866249297924,0.9548370270194639
269,0.004516800185645092,0.9546391256526201
270,0.004746758337025542,0.9544409533734853
271,0.004975748468527539,0.9542425094393249
272,0.00520377825485486,0.9540437931043457
273,0.005430855281708941,0.9538448036196793
274,0.005656987047143769,0.9536455402333646
275,0.0058821809628961325,0.9534460021903313
276,0.006106444355690611,0.9532461887323823
277,0.006329784468519698,0.953046099098177
278,0.00655220846190107,0.952845732523213
279,0.006773723415110553,0.9526450882398098
280,0.006994336327392952,0.9524441654770895
281,0.007214054119150318,0.9522429634609609
282,0.007432883633108119,0.9520414814141002
283,0.007650831635460761,0.9518397185559334
284,0.007867904816995532,0.9516376741026186
285,0.00808410979419664,0.9514353472670268
286,0.008299453110328927,0.9512327372587248
287,0.008513941236502101,0.9510298432839552
288,0.008727580572715981,0.9508266645456188
289,0.008940377448887024,0.9506232002432554
290,0.009152338125856327,0.9504194495730252
291,0.009363468796379658,0.9502154117276889
292,0.009573775586100354,0.9500110858965897
293,0.009783264554504626,0.9498064712656332
294,0.009991941695860311,0.949601567017268
295,0.01019981294013855,0.9493963723304664
296,0.01040688415392061,0.949190886380704
297,0.010613161141287337,0.9489851083399413
298,0.010818649644694334,0.9487790373766017
299,0.011023355345831537,0.9485726726555529
300,0.011227283866467904,0.9483660133380856
301,0.01143044076928186,0.9481590585818939
302,0.011632831558676988,0.9479518075410537
303,0.01183446168158465,0.9477442593660033
304,0.012035336528251861,0.9475364132035208
305,0.012235461433016667,0.9473282681967047
306,0.012434841675070174,0.9471198234849517
307,0.01263348247920534,0.9469110782039356
308,0.012831389016553892,0.946702031485586
309,0.013028566405309997,0.9464926824580662
310,0.013225019711442756,0.9462830302457518
311,0.01342075394939655,0.9460730739692087
312,0.013615774082779043,0.9458628127451705
313,0.013810085025039151,0.9456522456865168
314,0.014003691640132675,0.9454413719022505
315,0.014196598743177568,0.9452301904974753
316,0.014388811101098221,0.9450187005733721
317,0.014580333433259703,0.9448069012271776
318,0.014771170412090895,0.9445947915521598
319,0.014961326663698201,0.944382370637595
320,0.015150806768469116,0.9441696375687454
321,0.015339615261665777,0.943956591426834
322,0.015527756634009515,0.9437432312890212
323,0.01571523533225561,0.9435295562283814
324,0.015902055759759153,0.9433155653138787
325,0.016088222277031473,0.9431012576103417
326,0.016273739202288404,0.9428866321784399
327,0.0164586108119892,0.942671688074659
328,0.016642841341367245,0.9424564243512751
329,0.01682643498495279,0.9422408400563308
330,0.017009395897086638,0.9420249342336088
331,0.01719172819242648,0.9418087059226078
332,0.017373435946445335,0.9415921541585152
333,0.017554523195921608,0.941375277972183
334,0.017734993939422412,0.9411580763901004
335,0.017914852137778933,0.9409405484343683
336,0.018094101714554334,0.9407226931226725
337,0.018272746556504942,0.9405045094682577
338,0.018450790514034025,0.9402859964799
339,0.018628237401638874,0.94006715316188
340,0.018805090998350607,0.9398479785139562
341,0.018981355048168155,0.9396284715313367
342,0.019157033260484912,0.9394086312046519
343,0.01933212931050914,0.9391884565199269
344,0.019506646839678413,0.9389679464585534
345,0.0196805894560671,0.938747099997261
346,0.0198539607347889,0.9385259161080891
347,0.02002676421839206,0.9383043937583581
348,0.0201990034172497,0.9380825319106402
349,0.020370681809944016,0.9378603295227306
350,0.02054180284364465,0.9376377855476186
351,0.020712369934481674,0.9374148989334565
352,0.020882386467913176,0.9371916686235311
353,0.021051855799087138,0.9369680935562336
354,0.021220781253198456,0.9367441726650281
355,0.02138916612584029,0.9365199048784226
356,0.021557013683350775,0.9362952891199374
357,0.021724327163154335,0.936070324308074
358,0.021891109774098177,0.9358450093562845
359,0.022057364696784276,0.9356193431729392
360,0.022223095083895736,0.9353933246612958
361,0.022388304060519688,0.9351669527194667
362,0.022552994724464214,0.9349402262403874
363,0.0227171701465722,0.9347131441117835
364,0.022880833371029377,0.934485705216138
365,0.023043987415668845,0.9342579084306586
366,0.023206635272271164,0.9340297526272442
367,0.02336877990685982,0.9338012366724516
368,0.02353042425999314,0.9335723594274618
369,0.0236915712470516,0.9333431197480447
370,0.023852223758521356,0.9331135164845272
371,0.02401238466027383,0.9328835484817564
372,0.024172056793841393,0.9326532145790654
373,0.024331242976689003,0.9324225136102389
374,0.024489946002482527,0.9321914444034766
375,0.02464816864135307,0.9319600057813584
376,0.0248059136401576,0.9317281965608081
377,0.024963183722736117,0.9314960155530566
378,0.025119981590165527,0.9312634615636063
379,0.025276309921009536,0.9310305333921934
380,0.02543217137156567,0.9307972298327514
381,0.02558756857610851,0.9305635496733727
382,0.025742504147129957,0.9303294916962719
383,0.0258969806755763,0.9300950546777473
384,0.026051000731081405,0.9298602373881418
385,0.026204566862197784,0.9296250385918056
386,0.02635768159662391,0.9293894570470559
387,0.026510347441428626,0.9291534915061385
388,0.026662566883272596,0.928917140715187
389,0.026814342388626972,0.9286804034141848
390,0.02696567640398862,0.9284432783369224
391,0.027116571356093296,0.9282057642109585
392,0.027267029652125532,0.9279678597575783
393,0.02741705367992549,0.9277295636917525
394,0.02756664580819384,0.9274908747220953
395,0.027715808386693304,0.927251791550823
396,0.02786454374644806,0.9270123128737107
397,0.028012854199939968,0.9267724373800506
398,0.028160742041302908,0.9265321637526082
399,0.028308209546514074,0.9262914906675799
400,0.028455258973583194,0.9260504167945479
401,0.02860189256273881,0.9258089407964372
402,0.028748112536612903,0.9255670613294703
403,0.02889392110042234,0.9253247770431231
404,0.029039320442148464,0.9250820865800788
405,0.02918431273271455,0.9248389885761833
406,0.02932890012616037,0.924595481660398
407,0.029473084759815294,0.9243515644547543
408,0.029616868754468544,0.9241072355743066
409,0.029760254214537728,0.9238624936270852
410,0.02990324322823503,0.923617337214048
411,0.03004583786773164,0.9233717649290338
412,0.030188040189319417,0.9231257753587129
413,0.030329852233571347,0.9228793670825383
414,0.030471276025499434,0.9226325386726969
415,0.030612313574711086,0.9223852886940602
416,0.030752966875562775,0.9221376157041332
417,0.030893237907312833,0.9218895182530047
418,0.031033128634271573,0.9216409948832962
419,0.031172641005949978,0.9213920441301102
420,0.03131177695720612,0.9211426645209791
421,0.031450538408390356,0.9208928545758122
422,0.03158892726548825,0.9206426128068431
423,0.031726945420262186,0.9203919377185772
424,0.031864594750390746,0.9201408278077374
425,0.0320018771196068,0.9198892815632103
426,0.03213879437783378,0.9196372974659912
427,0.0322753483613204,0.91938487398913
428,0.03241154089277349,0.9191320095976747
429,0.03254737378148953,0.918878702748616
430,0.03268284882348437,0.9186249518908306
431,0.03281796780162172,0.9183707554650238
432,0.03295273248573943,0.918116111903673
433,0.03308714463277535,0.9178610196309689
434,0.03322120598689048,0.9176054770627572
435,0.03335491827959153,0.9173494826064796
436,0.0334882832298517,0.9170930346611141
437,0.033621302544230056,0.9168361316171155
438,0.03375397791698936,0.9165787718563537
439,0.033886311030212876,0.9163209537520538
440,0.03401830355391955,0.9160626756687335
441,0.034149957146177586,0.9158039359621412
442,0.03428127345321748,0.9155447329791929
443,0.03441225410954275,0.9152850650579097
444,0.03454290073804021,0.9150249305273525
445,0.03467321495008851,0.9147643277075588
446,0.034803198345665386,0.9145032549094766
447,0.034932852513454064,0.9142417104348994
448,0.03506217903094808,0.9139796925763997
449,0.03519117946455487,0.9137171996172617
450,0.035319855369698484,0.9134542298314146
451,0.0354482082909209,0.913190781483364
452,0.03557623976198213,0.9129268528281231
453,0.035703951305959346,0.9126624421111436
454,0.03583134443534477,0.9123975475682458
455,0.03595842065214264,0.9121321674255475
456,0.03608518144796462,0.9118662998993933
457,0.03621162830412467,0.9115999431962823
458,0.03633776269173262,0.9113330955127957
459,0.0364635860717866,0.9110657550355231
460,0.03658909989526437,0.9107979199409896
461,0.03671430560321415,0.9105295883955796
462,0.03683920462684373,0.9102607585554631
463,0.0369637983876091,0.9099914285665186
464,0.03708808829730164,0.9097215965642567
465,0.03721207575813499,0.9094512606737428
466,0.03733576216283034,0.9091804190095188
467,0.0374591488947009,0.9089090696755241
468,0.03758223732773579,0.9086372107650161
469,0.03770502882668269,0.9083648403604897
470,0.03782752474712959,0.9080919565335963
471,0.03794972643558573,0.9078185573450619
472,0.03807163522956164,0.9075446408446041
473,0.038193252457648416,0.9072702050708489
474,0.03831457943959562,0.9069952480512464
475,0.038435617486389365,0.9067197678019856
476,0.038556367900328244,0.9064437623279089
477,0.03867683197509957,0.9061672296224248
478,0.03879701099585422,0.9058901676674208
479,0.03891690623928064,0.9056125744331749
480,0.03903651897367829,0.9053344478782664
481,0.03915585045903026,0.905055785949486
482,0.03927490194707497,0.9047765865817443
483,0.03939367468137729,0.9044968476979809
484,0.039512169897398496,0.9042165672090705
485,0.03963038882256626,0.9039357430137304
486,0.03974833267634304,0.9036543729984253
487,0.039866002670294325,0.9033724550372721
488,0.0399834000081557,0.9030899869919436
489,0.04010052588589975,0.9028069667115709
490,0.0402173814918019,0.9025233920326454
491,0.04033396800650555,0.9022392607789196
492,0.04045028660308653,0.9019545707613065
493,0.0405663384471172,0.9016693197777788
494,0.04068212469672931,0.9013835056132664
495,0.04079764650267699,0.9010971260395538
496,0.04091290500839797,0.9008101788151751
497,0.041027901350075544,0.9005226616853091
498,0.04114263665669858,0.9002345723816731
499,0.041257112050121794,0.8999459086224152
500,0.04137132864512505,0.8996566681120063
501,0.0414852875494721,0.89936684854113
502,0.04159898986396856,0.8990764475865726
503,0.04171243668251973,0.8987854629111107
504,0.04182562909218732,0.8984938921633993
505,0.0419385681732459,0.8982017329778562
506,0.042051254999238716,0.897908982974549
507,0.042163690637032784,0.8976156397590767
508,0.042275876146873746,0.8973217009224534
509,0.04238781258243986,0.8970271640409895
510,0.042499500990895556,0.8967320266761712
511,0.04261094241294447,0.8964362863745402
512,0.04272213788288186,0.8961399406675703
513,0.04283308842864674,0.8958429870715447
514,0.04294379507187311,0.8955454230874311
515,0.04305425882794106,0.8952472462007546
516,0.04316448070602698,0.8949484538814709
517,0.043274461709153555,0.8946490435838373
518,0.04338420283423933,0.8943490127462832
519,0.043493705072147296,0.8940483587912773
520,0.04360296940773355,0.8937470791251958
521,0.043711996819895224,0.8934451711381878
522,0.043820788281617874,0.8931426322040397
523,0.043929344760022575,0.8928394596800381
524,0.0440376672164124,0.8925356509068312
525,0.04414575660631861,0.8922312032082889
526,0.04425361387954598,0.8919261138913618
527,0.044361239980218466,0.8916203802459371
528,0.044468635846823555,0.8913139995446959
529,0.044575802412256726,0.8910069690429654
530,0.04468274060386534,0.8906992859785725
531,0.044789451343492,0.8903909475716945
532,0.044895935547517606,0.8900819510247081
533,0.04500219412690413,0.8897722935220375
534,0.045108227987236515,0.88946197223
535,0.045214038028764725,0.8891509842966513
536,0.04531962514644504,0.888839326851627
537,0.04542499022998089,0.8885269970059844
538,0.045530134163863804,0.8882139918520419
539,0.045635057827413276,0.8879003084632161
540,0.04573976209481672,0.8875859438938581
541,0.0458442478351691,0.8872708951790871
542,0.04594851591251153,0.8869551593346231
543,0.04605256718587046,0.8866387333566168
544,0.0461564025092958,0.8863216142214784
545,0.04626002273189879,0.8860037988857041
546,0.04636342869788974,0.8856852842857014
547,0.046466621246615325,0.8853660673376107
548,0.04656960121259521,0.8850461449371274
549,0.046672369425558996,0.8847255139593202
550,0.04677492671048224,0.884404171258448
551,0.046877273887622126,0.8840821136677744
552,0.04697941177255337,0.8837593379993813
553,0.047081341176203204,0.8834358410439789
554,0.04718306290488628,0.883111619570714
555,0.047284577760339244,0.8827866703269772
556,0.04738588653975506,0.8824609900382067
557,0.047486990035816586,0.8821345754076899
558,0.04758788903673072,0.881807423116364
559,0.04768858432626112,0.8814795298226129
560,0.047789076683761665,0.8811508921620624
561,0.047889366884208785,0.8808215067473738
562,0.04798945569823404,0.8804913701680332
563,0.04808934389215603,0.8801604789901406
564,0.048189032228012504,0.8798288297561954
565,0.04828852146359139,0.8794964189848792
566,0.04838781235246249,0.8791632431708369
567,0.04848690564400807,0.8788292987844551
568,0.04858580208345359,0.8784945822716375
569,0.048684502411898194,0.8781590900535772
570,0.048783007366344534,0.8778228185265289
571,0.04888131767972897,0.8774857640615747
572,0.04897943408095084,0.8771479230043907
573,0.04907735729490172,0.876809291675008
574,0.049175088042494694,0.8764698663675731
575,0.04927262704069282,0.8761296433501039
576,0.04936997500253788,0.8757886188642442
577,0.04946713263717857,0.8754467891250141
578,0.04956410064989831,0.875104150320558
579,0.049660879742143234,0.8747606986118894
580,0.049757470611549594,0.8744164301326335
581,0.04985387395197103,0.874071340988765
582,0.049950090453505465,0.8737254272583451
583,0.05004612080252214,0.8733786849912526
584,0.050141965681687835,0.8730311102089143
585,0.05023762576999341,0.8726826989040308
586,0.050333101742779884,0.8723334470402997
587,0.050428394271763995,0.8719833505521337
588,0.05052350402506418,0.8716324053443782
589,0.050618431667225815,0.8712806072920231
590,0.050713177859246276,0.8709279522399119
591,0.05080774325859999,0.8705744360024473
592,0.050902128519263255,0.8702200543632933
593,0.05099633429173856,0.8698648030750733
594,0.05109036122307907,0.8695086778590647
595,0.05118420995691258,0.8691516744048895
596,0.051277881133465576,0.8687937883702017
597,0.051371375389586665,0.8684350153803698
598,0.05146469335877029,0.8680753510281567
599,0.05155783567117985,0.8677147908733942
600,0.051650802953670805,0.8673533304426542
601,0.051743595829813575,0.8669909652289162
602,0.05183621491991631,0.8666276906912294
603,0.05192866084104701,0.8662635022543718
604,0.052020934207056356,0.8658983953085041
605,0.05211303562859931,0.8655323652088202
606,0.052204965713157477,0.8651654072751914
607,0.0522967250650604,0.8647975167918089
608,0.05238831428550735,0.864428689006819
609,0.05247973397258873,0.8640589191319556
610,0.05257098472130703,0.8636882023421665
611,0.052662067123598055,0.8633165337752359
612,0.0527529817683517,0.8629439085314025
613,0.052843729241432304,0.8625703216729705
614,0.052934310125699706,0.8621957682239184
615,0.05302472500102901,0.8618202431695003
616,0.05311497444433098,0.8614437414558437
617,0.05320505902957179,0.8610662579895408
618,0.05329497932779332,0.8606877876372363
619,0.05338473590713208,0.8603083252252065
620,0.05347432933283921,0.8599278655389367
621,0.05356376016729966,0.8595464033226908
622,0.05365302897005121,0.8591639332790751
623,0.05374213629780356,0.8587804500685977
624,0.05383108270445712,0.8583959483092204
625,0.053919868741121826,0.8580104225759063
626,0.05400849495613545,0.8576238674001602
627,0.054096961895082014,0.8572362772695626
628,0.054185270100810236,0.8568476466272992
629,0.0542734201134512,0.856457969871682
630,0.05436141247043668,0.856067241355665
631,0.054449247706516726,0.8556754553863535
632,0.05453692635377707,0.8552826062245059
633,0.054624448941657223,0.8548886880840298
634,0.05471181599696716,0.8544936951314702
635,0.05479902804390485,0.8540976214854916
636,0.054886085604073286,0.853700461216352
637,0.05497298919649744,0.8533022083453708
638,0.055059739337641,0.8529028568443887
639,0.055146336541422994,0.8525024006352193
640,0.05523278131923429,0.8521008335890958
641,0.05531907417995415,0.8516981495261063
642,0.05540521562996629,0.8512943422146249
643,0.05549120617317512,0.8508894053707311
644,0.055577046311021616,0.8504833326576251
645,0.055662736542499376,0.8500761176850314
646,0.0557482773641702,0.849667754008596
647,0.05583366927017966,0.8492582351292742
648,0.05591891275227296,0.8488475544927103
649,0.056004008299809636,0.848435705488608
650,0.0560889563997795,0.8480226814500919
651,0.056173757536817456,0.84760847565306
652,0.0562584121932182,0.8471930813155271
653,0.05634292084895165,0.846776491596958
654,0.056427283981677484,0.8463586995975922
655,0.05651150206675967,0.8459396983577582
656,0.05659557557728117,0.8455194808571767
657,0.05667950498405835,0.8450980400142568
658,0.05676329075565505,0.8446753686853783
659,0.05684693335839716,0.8442514596641659
660,0.05693043325638651,0.8438263056807518
661,0.057013790911514775,0.8433998994010273
662,0.0570970067834774,0.8429722334258849
663,0.05718008132978754,0.8425433002904462
664,0.057263015005789356,0.8421130924632814
665,0.057345808264671894,0.8416816023456151
666,0.05742846155748234,0.8412488222705216
667,0.0575109753331394,0.8408147445021067
668,0.0575933500384467,0.8403793612346787
669,0.05767558611810542,0.8399426645919063
670,0.05775768401472809,0.8395046466259625
671,0.0578396441688507,0.8390652993166581
672,0.05792146701894628,0.8386246145705598
673,0.058003153001437054,0.8381825842200954
674,0.05808470255070744,0.8377392000226463
675,0.05816611609911636,0.8372944536596248
676,0.05824739407700979,0.8368483367355374
677,0.05832853691273324,0.8364008407770344
678,0.058409545032643735,0.8359519572319437
679,0.05849041886112207,0.8355016774682907
680,0.058571158820585126,0.8350499927733019
681,0.05865176533149753,0.8345968943523937
682,0.05873223881238351,0.8341423733281442
683,0.05881257967983909,0.8336864207392505
684,0.058892788348543446,0.833229027539468
685,0.05897286523127056,0.8327701845965335
686,0.05905281073890103,0.8323098826910716
687,0.05913262528043308,0.8318481125154829
688,0.05921230926299431,0.8313848646728144
689,0.059291863091852685,0.8309201296756125
690,0.05937128717042802,0.8304538979447577
691,0.059450581900302814,0.8299861598082783
692,0.05952974768123344,0.829516905500148
693,0.059608784911160985,0.8290461251590622
694,0.059687693986222194,0.8285738088271933
695,0.05976647530076024,0.8280999464489287
696,0.059845129247335406,0.8276245278695846
697,0.05992365621673559,0.8271475428341016
698,0.060002056597987234,0.826668980985717
699,0.06008033077836519,0.8261888318646144
700,0.06015847914340376,0.8257070849065542
701,0.06023650207690646,0.8252237294414766
702,0.060314399960956604,0.8247387546920851
703,0.0603921731759273,0.8242521497724041
704,0.060469822100491684,0.8237639036863128
705,0.06054734711163259,0.8232740053260544
706,0.06062474858465308,0.822782443470719
707,0.06070202689318567,0.8222892067847032
708,0.06077918240920266,0.8217942838161395
709,0.06085621550302547,0.8212976629953025
710,0.06093312654333445,0.8207993326329853
711,0.06100991589717862,0.8202992809188493
712,0.061086583929984825,0.8197974959197437
713,0.06116313100556748,0.8192939655779975
714,0.06123955748613786,0.818788677709681
715,0.061315863732313444,0.8182816200028368
716,0.061392050103126955,0.8177727800156793
717,0.06146811695603588,0.8172621451747635
718,0.06154406464693125,0.8167497027731204
719,0.06161989353014693,0.8162354399683599
720,0.06169560395846846,0.8157193437807397
721,0.06177119628314199,0.8152014010911992
722,0.061846670853883234,0.8146815986393587
723,0.06192202801888612,0.8141599230214829
724,0.06199726812483156,0.8136363606884058
725,0.062072391516896155,0.813110897943421
726,0.06214739853876083,0.8125835209401294
727,0.06222228953261923,0.812054215680252
728,0.062297064839186345,0.8115229680113997
729,0.06237172479770687,0.8109897636248019
730,0.06244626974596351,0.8104545880529959
731,0.06252070002028551,0.8099174266674694
732,0.06259501595555662,0.809378264676263
733,0.06266921788522335,0.8088370871215251
734,0.06274330614130331,0.8082938788770223
735,0.06281728105439302,0.8077486246456026
736,0.06289114295367593,0.8072013089566104
737,0.06296489216693073,0.8066519161632527
738,0.0630385290205388,0.8061004304399152
739,0.06311205383949234,0.8055468357794271
740,0.06318546694740199,0.8049911159902726
741,0.06325876866650487,0.8044332546937506
742,0.06333195931767184,0.8038732353210767
743,0.0634050392204154,0.8033110411104316
744,0.06347800869289735,0.8027466551039498
745,0.06355086805193605,0.8021800601446517
746,0.0636236176130141,0.8016112388733128
747,0.06369625769028568,0.8010401737252727
748,0.06376878859658386,0.8004668469271814
749,0.06384121064342824,0.7998912404936793
750,0.06391352414103171,0.7993133362240125
751,0.06398572939830811,0.7987331156985787
752,0.06405782672287919,0.7981505602754055
753,0.06412981642108177,0.7975656510865553
754,0.06420169879797483,0.7969783690344597
755,0.06427347415734658,0.7963886947881775
756,0.06434514280172121,0.7957966087795766
757,0.06441670503236631,0.7952020911994374
758,0.0644881611492992,0.7946051219934772
759,0.06455951145129399,0.7940056808582895
760,0.06463075623588857,0.793403747237202
761,0.06470189579939102,0.792799300316046
762,0.06477293043688655,0.7921923190188374
763,0.06484386044224398,0.7915827820033681
764,0.06491468610812255,0.7909706676567023
765,0.06498540772597824,0.7903559540905788
766,0.0650560255860705,0.7897386191367144
767,0.06512653997746864,0.7891186403420063
768,0.06519695118805821,0.7884959949636332
769,0.06526725950454744,0.787870659964048
770,0.06533746521247367,0.7872426120058643
771,0.06540756859620957,0.7866118274466294
772,0.0654775699389693,0.7859782823334847
773,0.06554746952281487,0.7853419523977077
774,0.06561726762866238,0.7847028130491337
775,0.06568696453628796,0.7840608393704542
776,0.06575656052433401,0.7834160061113876
777,0.06582605587031524,0.7827682876827202
778,0.06589545085062465,0.7821176581502128
779,0.06596474574053945,0.7814640912283702
780,0.06603394081422713,0.7808075602740688
781,0.06610303634475126,0.7801480382800395
782,0.06617203260407742,0.7794854978682016
783,0.066240929863079,0.7788199112828432
784,0.06630972839154287,0.7781512503836437
785,0.06637842845817532,0.7774794866385351
786,0.06644703033060757,0.7768045911163969
787,0.06651553427540166,0.7761265344795794
788,0.06658394055805576,0.7754452869762505
789,0.06665224944301022,0.7747608184325643
790,0.06672046119365264,0.7740730982446398
791,0.06678857607232373,0.7733820953703513
792,0.06685659434032261,0.7726877783209205
793,0.06692451625791251,0.7719901151523059
794,0.06699234208432583,0.7712890734563845
795,0.06706007207776978,0.7705846203519182
796,0.06712770649543164,0.7698767224752996
797,0.06719524559348411,0.769165345971071
798,0.06726268962709049,0.768450456482208
799,0.06733003885041006,0.767732019140163
800,0.0673972935166032,0.7670099985546603
801,0.06746445387783657,0.7662843588032355
802,0.06753152018528825,0.7655550634205104
803,0.0675984926891529,0.7648220753871977
804,0.06766537163864675,0.7640853571188253
805,0.06773215728201275,0.7633448704541727
806,0.06779884986652557,0.7626005766434087
807,0.0678654496384963,0.7618524363359246
808,0.06793195684327799,0.7611004095678499
809,0.06799837172526992,0.7603444557492426
810,0.06806469452792295,0.759584533650943
811,0.06813092549374399,0.7588206013910814
812,0.06819706486430126,0.7580526164212267
813,0.06826311288022872,0.7572805355121663
814,0.0683290697812311,0.7565043147393056
815,0.0683949358060882,0.7557239094676712
816,0.06846071119266031,0.7549392743365122
817,0.06852639617789201,0.7541503632434766
818,0.06859199099781774,0.7533571293283583
819,0.06865749588756544,0.7525595249563949
820,0.06872291108136204,0.751757501701102
821,0.06878823681253743,0.750951010326631
822,0.06885347331352917,0.7501400007696314
823,0.06891862081588702,0.7493244221206022
824,0.06898367955027734,0.7485042226047166
825,0.06904864974648757,0.7476793495620982
826,0.06911353163343067,0.7468497494275332
827,0.06917832543914954,0.7460153677095985
828,0.06924303139082116,0.7451761489691829
829,0.06930764971476125,0.7443320367973847
830,0.06937218063642835,0.7434829737927581
831,0.06943662438042807,0.7426289015378912
832,0.06950098117051756,0.7417697605752877
833,0.06956525122960963,0.7409054903825278
834,0.0696294347797768,0.7400360293466851
835,0.06969353204225573,0.7391613147379688
836,0.06975754323745116,0.738281282682566
837,0.0698214685849402,0.7373958681346526
838,0.06988530830347625,0.7365050048475437
839,0.06994906261099328,0.73560862534395
840,0.0700127317246097,0.7347066608853082
841,0.07007631586063241,0.7337990414401505
842,0.070139815234561,0.7328856956514742
843,0.07020323006109142,0.7319665508030779
844,0.07026656055412003,0.7310415327848205
845,0.07032980692674776,0.7301105660567638
846,0.07039296939128373,0.7291735736121544
847,0.07045604815924912,0.7282304769391996
848,0.07051904344138125,0.7272811959815909
849,0.07058195544763733,0.7263256490977231
850,0.07064478438719803,0.7253637530185604
851,0.07070753046847156,0.7243954228040914
852,0.07077019389909753,0.7234205717983191
853,0.0708327748859501,0.7224391115827253
854,0.07089527363514234,0.7214509519281457
855,0.07095769035202969,0.7204560007449916
856,0.0710200252412135,0.7194541640317499
857,0.07108227850654482,0.7184453458216873
858,0.07114445035112797,0.7174294481276855
859,0.07120654097732437,0.7164063708851267
860,0.07126855058675567,0.715376011892746
861,0.07133047938030768,0.714338266751365
862,0.0713923275581339,0.7132930288004122
863,0.07145409531965881,0.7122401890521356
864,0.07151578286358158,0.711179636123406
865,0.07157739038787944,0.710111256165002
866,0.0716389180898112,0.7090349327882692
867,0.07170036616592071,0.7079505469890286
868,0.07176173481204004,0.7068579770686166
869,0.07182302422329327,0.7057570985519214
870,0.07188423459409965,0.7046477841022789
871,0.0719453661181768,0.703529903433083
872,0.07200641898854444,0.7024033232159561
873,0.07206739339752725,0.7012679069853189
874,0.07212828953675865,0.7001235150391877
875,0.0721891075971837,0.6989700043360189
876,0.07224984776906235,0.6978072283874117
877,0.07231051024197314,0.6966350371464659
878,0.07237109520481579,0.6954532768915828
879,0.07243160284581487,0.6942617901054834
880,0.07249203335252292,0.6930604153492083
881,0.07255238691182327,0.6918489871308436
882,0.07261266370993358,0.6906273357687085
883,0.07267286393240885,0.6893952872487206
884,0.07273298776414447,0.6881526630756395
885,0.07279303538937937,0.6868992801178706
886,0.0728530069916989,0.6856349504454909
887,0.0729129027540384,0.68435948116114
888,0.07297272285868554,0.6830726742233938
889,0.07303246748728383,0.6817743262622191
890,0.07309213682083558,0.6804642283860751
891,0.07315173103970468,0.6791421659802078
892,0.07321125032361964,0.6778079184956499
893,0.07327069485167668,0.6764612592284032
894,0.07333006480234261,0.6751019550882568
895,0.0733893603534575,0.673729766356646
896,0.07344858168223797,0.6723444464329268
897,0.0735077289652798,0.6709457415683908
898,0.07356680237856086,0.6695333905873058
899,0.07362580209744408,0.6681071245942143
900,0.07368472829668009,0.6666666666666667
901,0.07374358115041024,0.6652117315325167
902,0.0738023608321691,0.6637420252308317
903,0.07386106751488772,0.6622572447554149
904,0.07391970137089589,0.6607570776798561
905,0.0739782625719253,0.6592412017629493
906,0.07403675128911194,0.6577092845332329
907,0.07409516769299919,0.6561609828513117
908,0.07415351195354013,0.6545959424485185
909,0.07421178424010053,0.6530137974403645
910,0.0742699847214615,0.6514141698131083
911,0.07432811356582189,0.6497966688816376
912,0.07438617094080129,0.648160890716723
913,0.07444415701344247,0.6465064175395395
914,0.07450207195021401,0.6448328170811892
915,0.07455991591701291,0.6431396419047642
916,0.07461768907916717,0.6414264286872938
917,0.07467539160143842,0.6396926974586914
918,0.07473302364802438,0.6379379507945723
919,0.07479058538256164,0.63616167295955
920,0.07484807696812769,0.6343633289973145
921,0.07490549856724416,0.6325423637634805
922,0.07496285034187855,0.6306982008968268
923,0.0750201324534474,0.6288302417241607
924,0.07507734506281821,0.6269378640935971
925,0.07513448833031235,0.6250204211305667
926,0.0751915624157071,0.6230772399103255
927,0.07524856747823845,0.621107620040152
928,0.0753055036766033,0.6191108321437562
929,0.07536237116896188,0.6170861162396918
930,0.07541917011294035,0.6150326800047523
931,0.0754759006656327,0.6129496969124185
932,0.07553256298360375,0.6108363042354121
933,0.07558915722289104,0.6086916009002754
934,0.0756456835390073,0.6065146451806228
935,0.0757021420869428,0.6043044522142852
936,0.07575853302116778,0.6020599913279624
937,0.07581485649563445,0.5997801831511939
938,0.07587111266377956,0.597463896499418
939,0.07592730167852658,0.595109945003589
940,0.07598342369228792,0.5927170834612145
941,0.07603947885696727,0.5902840038807148
942,0.07609546732396169,0.5878093311876458
943,0.07615138924416404,0.5852916185574971
944,0.07620724476796516,0.5827293423354002
945,0.07626303404525574,0.5801208964980813
946,0.07631875722542916,0.5774645866076562
947,0.0763744144573829,0.574758623200263
948,0.07643000588952142,0.5720011145449331
949,0.07648553166975777,0.5691900586993122
950,0.07654099194551607,0.5663233347786729
951,0.07659638686373345,0.5633986933428379
952,0.07665171657086235,0.5604137457918624
953,0.0767069812128725,0.5573659526452391
954,0.07676218093525292,0.5542526105605248
955,0.07681731588301431,0.5510708379251146
956,0.07687238620069088,0.5478175588287292
957,0.0769273920323424,0.5444894851931955
958,0.0769823335215565,0.5410830967993002
959,0.07703721081145037,0.5375946189065786
960,0.07709202404467314,0.5340199971093208
961,0.07714677336340761,0.5303548690088331
962,0.07720145890937243,0.5265945322056034
963,0.07725608082382401,0.5227339080223317
964,0.07731063924755864,0.5187675002557625
965,0.07736513432091416,0.5146893481167586
966,0.07741956618377248,0.5104929723474184
967,0.07747393497556085,0.5061713132926292
968,0.07752824083525438,0.5017166594399687
969,0.07758248390137767,0.49712056461142423
970,0.07763666431200675,0.49237375157322083
971,0.07769078220477116,0.48746599929965206
972,0.07774483771685575,0.4823860104474064
973,0.07779883098500256,0.47712125471966244
974,0.07785276214551266,0.47165778265693936
975,0.07790663133424813,0.4659800028906792
976,0.07796043868663396,0.4600704139038687
977,0.07801418433765979,0.45390927867253095
978,0.07806786842188164,0.44747422694073546
979,0.07812149107342409,0.44073976491130645
980,0.07817505242598194,0.4336766652213271
981,0.07822855261282172,0.42625120031760966
982,0.07828199176678419,0.4184241683677687
983,0.07833537002028537,0.41014964045942465
984,0.07838868750531891,0.4013733275519749
985,0.07844194435345753,0.3920304196852271
986,0.07849514069585499,0.38204267855941265
987,0.07854827666324765,0.3713144507689456
988,0.07860135238595638,0.35972708201587494
989,0.07865436799388831,0.3471308950527417
990,0.07870732361653851,0.33333333333333337
991,0.07876021938299159,0.318080836479775
992,0.07881305542192374,0.3010299956639812
993,0.07886583186160405,0.28169934667141894
994,0.0789185488298964,0.25938375012788123
995,0.07897120645426134,0.2329900014453396
996,0.07902380486175736,0.20068666377598746
997,0.07907634417904283,0.1590404182398875
998,0.07912882453237766,0.10034333188799373
999,0.0791812460476248,0.0
